,precision,recall,f1-score,support
basal cell carcinoma,0.0,0.0,0.0,4.0
dermatofibroma,0.125,0.3333333333333333,0.18181818181818182,3.0
melanoma,0.25,0.25,0.25,8.0
squamous cell carcinoma,0.0,0.0,0.0,4.0
accuracy,0.15789473684210525,0.15789473684210525,0.15789473684210525,0.15789473684210525
macro avg,0.09375,0.14583333333333331,0.10795454545454546,19.0
weighted avg,0.125,0.15789473684210525,0.1339712918660287,19.0
