,precision,recall,f1-score,support
basal cell carcinoma,0.0,0.0,0.0,4.0
dermatofibroma,0.14285714285714285,0.3333333333333333,0.2,3.0
melanoma,0.3333333333333333,0.375,0.35294117647058826,8.0
squamous cell carcinoma,0.0,0.0,0.0,4.0
accuracy,0.21052631578947367,0.21052631578947367,0.21052631578947367,0.21052631578947367
macro avg,0.11904761904761904,0.17708333333333331,0.13823529411764707,19.0
weighted avg,0.16290726817042606,0.21052631578947367,0.1801857585139319,19.0
